
--INSERT INTO `workersdb`.`city` (`id`,`name`) VALUES (1,'Sarajevo');


INSERT INTO `workersdb`.`city` (name) VALUES ('Banovići');
INSERT INTO `workersdb`.`city` (name) VALUES ('Banja Luka');
INSERT INTO `workersdb`.`city` (name) VALUES ('Berkovići');
INSERT INTO `workersdb`.`city` (name) VALUES ('Bihać');
INSERT INTO `workersdb`.`city` (name) VALUES ('Bijeljina');
INSERT INTO `workersdb`.`city` (name) VALUES ('Bileća');
INSERT INTO `workersdb`.`city` (name) VALUES ('Blagaj');
INSERT INTO `workersdb`.`city` (name) VALUES ('Bosanska Kostajnica');
INSERT INTO `workersdb`.`city` (name) VALUES ('Bosanska Krupa');
INSERT INTO `workersdb`.`city` (name) VALUES ('Bosanska Otoka');
INSERT INTO `workersdb`.`city` (name) VALUES ('Bosanski Brod');
INSERT INTO `workersdb`.`city` (name) VALUES ('Bosanski Petrovac');
INSERT INTO `workersdb`.`city` (name) VALUES ('Bosansko Grahovo');
INSERT INTO `workersdb`.`city` (name) VALUES ('Bratunac');
INSERT INTO `workersdb`.`city` (name) VALUES ('Brčko');
INSERT INTO `workersdb`.`city` (name) VALUES ('Breza');
INSERT INTO `workersdb`.`city` (name) VALUES ('Bugojno');
INSERT INTO `workersdb`.`city` (name) VALUES ('Busovača');
INSERT INTO `workersdb`.`city` (name) VALUES ('Bužim');
INSERT INTO `workersdb`.`city` (name) VALUES ('Cazin');
INSERT INTO `workersdb`.`city` (name) VALUES ('Čajniče');
INSERT INTO `workersdb`.`city` (name) VALUES ('Čapljina');
INSERT INTO `workersdb`.`city` (name) VALUES ('Čelić');
INSERT INTO `workersdb`.`city` (name) VALUES ('Čelinac');
INSERT INTO `workersdb`.`city` (name) VALUES ('Čitluk');
INSERT INTO `workersdb`.`city` (name) VALUES ('Derventa');
INSERT INTO `workersdb`.`city` (name) VALUES ('Doboj');
INSERT INTO `workersdb`.`city` (name) VALUES ('Doboj Istok');
INSERT INTO `workersdb`.`city` (name) VALUES ('Doboj Jug');
INSERT INTO `workersdb`.`city` (name) VALUES ('Dobretići');
INSERT INTO `workersdb`.`city` (name) VALUES ('Šamac');
INSERT INTO `workersdb`.`city` (name) VALUES ('Donji Vakuf');
INSERT INTO `workersdb`.`city` (name) VALUES ('Drvar');
INSERT INTO `workersdb`.`city` (name) VALUES ('Foča');
INSERT INTO `workersdb`.`city` (name) VALUES ('Foča-Ustikolina');
INSERT INTO `workersdb`.`city` (name) VALUES ('Fojnica');
INSERT INTO `workersdb`.`city` (name) VALUES ('Gacko');
INSERT INTO `workersdb`.`city` (name) VALUES ('Glamoč');
INSERT INTO `workersdb`.`city` (name) VALUES ('Glavatičevo');
INSERT INTO `workersdb`.`city` (name) VALUES ('Goražde');
INSERT INTO `workersdb`.`city` (name) VALUES ('Gornji Vakuf');
INSERT INTO `workersdb`.`city` (name) VALUES ('Gračanica');
INSERT INTO `workersdb`.`city` (name) VALUES ('Gradačac');
INSERT INTO `workersdb`.`city` (name) VALUES ('Gradiška');
INSERT INTO `workersdb`.`city` (name) VALUES ('Grude');
INSERT INTO `workersdb`.`city` (name) VALUES ('Hadžići');
INSERT INTO `workersdb`.`city` (name) VALUES ('Han Pijesak');
INSERT INTO `workersdb`.`city` (name) VALUES ('Ilidža');
INSERT INTO `workersdb`.`city` (name) VALUES ('Ilijaš');
INSERT INTO `workersdb`.`city` (name) VALUES ('Istočno Sarajevo');
INSERT INTO `workersdb`.`city` (name) VALUES ('Jablanica');
INSERT INTO `workersdb`.`city` (name) VALUES ('Jajce');
INSERT INTO `workersdb`.`city` (name) VALUES ('Jelah');
INSERT INTO `workersdb`.`city` (name) VALUES ('Kakanj');
INSERT INTO `workersdb`.`city` (name) VALUES ('Kalesija');
INSERT INTO `workersdb`.`city` (name) VALUES ('Kalinovik');
INSERT INTO `workersdb`.`city` (name) VALUES ('Kiseljak');
INSERT INTO `workersdb`.`city` (name) VALUES ('Kladanj');
INSERT INTO `workersdb`.`city` (name) VALUES ('Ključ');
INSERT INTO `workersdb`.`city` (name) VALUES ('Kneževo');
INSERT INTO `workersdb`.`city` (name) VALUES ('Konjic');
INSERT INTO `workersdb`.`city` (name) VALUES ('Kotor Varoš');
INSERT INTO `workersdb`.`city` (name) VALUES ('Kozarska Dubica');
INSERT INTO `workersdb`.`city` (name) VALUES ('Kraljeva Sutjeska');
INSERT INTO `workersdb`.`city` (name) VALUES ('Kreševo');
INSERT INTO `workersdb`.`city` (name) VALUES ('Krupa na Uni');
INSERT INTO `workersdb`.`city` (name) VALUES ('Kulen Vakuf');
INSERT INTO `workersdb`.`city` (name) VALUES ('Kupres');
INSERT INTO `workersdb`.`city` (name) VALUES ('Laktaši');
INSERT INTO `workersdb`.`city` (name) VALUES ('Livno');
INSERT INTO `workersdb`.`city` (name) VALUES ('Lopare');
INSERT INTO `workersdb`.`city` (name) VALUES ('Lukavac');
INSERT INTO `workersdb`.`city` (name) VALUES ('Ljubinje');
INSERT INTO `workersdb`.`city` (name) VALUES ('Ljubuški');
INSERT INTO `workersdb`.`city` (name) VALUES ('Maglaj');
INSERT INTO `workersdb`.`city` (name) VALUES ('Međugorje');
INSERT INTO `workersdb`.`city` (name) VALUES ('Milići');
INSERT INTO `workersdb`.`city` (name) VALUES ('Modriča');
INSERT INTO `workersdb`.`city` (name) VALUES ('Mostar');
INSERT INTO `workersdb`.`city` (name) VALUES ('Mrkonjić Grad');
INSERT INTO `workersdb`.`city` (name) VALUES ('Neum');
INSERT INTO `workersdb`.`city` (name) VALUES ('Nevesinje');
INSERT INTO `workersdb`.`city` (name) VALUES ('Novi grad');
INSERT INTO `workersdb`.`city` (name) VALUES ('Novi Travnik');
INSERT INTO `workersdb`.`city` (name) VALUES ('Odžak');
INSERT INTO `workersdb`.`city` (name) VALUES ('Olovo');
INSERT INTO `workersdb`.`city` (name) VALUES ('Orašje');
INSERT INTO `workersdb`.`city` (name) VALUES ('Osmaci');
INSERT INTO `workersdb`.`city` (name) VALUES ('Pale');
INSERT INTO `workersdb`.`city` (name) VALUES ('Petrovo');
INSERT INTO `workersdb`.`city` (name) VALUES ('Počitelj');
INSERT INTO `workersdb`.`city` (name) VALUES ('Posušje');
INSERT INTO `workersdb`.`city` (name) VALUES ('Prijedor');
INSERT INTO `workersdb`.`city` (name) VALUES ('Prnjavor');
INSERT INTO `workersdb`.`city` (name) VALUES ('Prozor');
INSERT INTO `workersdb`.`city` (name) VALUES ('Prusac');
INSERT INTO `workersdb`.`city` (name) VALUES ('Ravno');
INSERT INTO `workersdb`.`city` (name) VALUES ('Rogatica');
INSERT INTO `workersdb`.`city` (name) VALUES ('Rudo');
INSERT INTO `workersdb`.`city` (name) VALUES ('Sanski Most');
INSERT INTO `workersdb`.`city` (name) VALUES ('Sapna');
INSERT INTO `workersdb`.`city` (name) VALUES ('Sarajevo');
INSERT INTO `workersdb`.`city` (name) VALUES ('Sokolac');
INSERT INTO `workersdb`.`city` (name) VALUES ('Srbac');
INSERT INTO `workersdb`.`city` (name) VALUES ('Srebrenica');
INSERT INTO `workersdb`.`city` (name) VALUES ('Srebrenik');
INSERT INTO `workersdb`.`city` (name) VALUES ('Stolac');
INSERT INTO `workersdb`.`city` (name) VALUES ('Šekovići');
INSERT INTO `workersdb`.`city` (name) VALUES ('Šipovo');
INSERT INTO `workersdb`.`city` (name) VALUES ('Široki Brijeg');
INSERT INTO `workersdb`.`city` (name) VALUES ('Teočak');
INSERT INTO `workersdb`.`city` (name) VALUES ('Teslić');
INSERT INTO `workersdb`.`city` (name) VALUES ('Tešanj');
INSERT INTO `workersdb`.`city` (name) VALUES ('Tomislavgrad');
INSERT INTO `workersdb`.`city` (name) VALUES ('Travnik');
INSERT INTO `workersdb`.`city` (name) VALUES ('Trebinje');
INSERT INTO `workersdb`.`city` (name) VALUES ('Trnovo');
INSERT INTO `workersdb`.`city` (name) VALUES ('Turbe');
INSERT INTO `workersdb`.`city` (name) VALUES ('Tuzla');
INSERT INTO `workersdb`.`city` (name) VALUES ('Ugljevik');
INSERT INTO `workersdb`.`city` (name) VALUES ('Usora');
INSERT INTO `workersdb`.`city` (name) VALUES ('Ustiprača');
INSERT INTO `workersdb`.`city` (name) VALUES ('Vareš');
INSERT INTO `workersdb`.`city` (name) VALUES ('Velika Kladuša');
INSERT INTO `workersdb`.`city` (name) VALUES ('Visoko');
INSERT INTO `workersdb`.`city` (name) VALUES ('Višegrad');
INSERT INTO `workersdb`.`city` (name) VALUES ('Vitez');
INSERT INTO `workersdb`.`city` (name) VALUES ('Vlasenica');
INSERT INTO `workersdb`.`city` (name) VALUES ('Vogošća');
INSERT INTO `workersdb`.`city` (name) VALUES ('Vukosavlje');
INSERT INTO `workersdb`.`city` (name) VALUES ('Zavidovići');
INSERT INTO `workersdb`.`city` (name) VALUES ('Zenica');
INSERT INTO `workersdb`.`city` (name) VALUES ('Zvornik');
INSERT INTO `workersdb`.`city` (name) VALUES ('Žepa');
INSERT INTO `workersdb`.`city` (name) VALUES ('Žepče');
INSERT INTO `workersdb`.`city` (name) VALUES ('Živinice');


INSERT INTO `workersdb`.`user` (`cityId`, `firstName`, `lastName`, `contactNumber`, `email`, `username`, `password`, `about`, `imageUrl`) VALUES ('1', 'Marko', 'Marković', '061222333', 'marko.markovic@gmail.com', 'MarkoM', 'password123', 'Ja sam Marko volim raditi', 'https://yt3.ggpht.com/ytc/AKedOLTFonjbt3zMbyY3XlcSF1ahTGVeBPercEXgKbiJ=s900-c-k-c0x00ffffff-no-rj');
INSERT INTO `workersdb`.`user` (`cityId`, `firstName`, `lastName`, `contactNumber`, `email`, `username`, `password`, `about`, `imageUrl`) VALUES ('2', 'Petar', 'Petrović', '062445652', 'petar.petrovic@gmail.com', 'PetarP', 'password123', 'Ja sam Petar volim raditi', 'https://yt3.ggpht.com/ytc/AKedOLTFonjbt3zMbyY3XlcSF1ahTGVeBPercEXgKbiJ=s900-c-k-c0x00ffffff-no-rj');


INSERT INTO `workersdb`.`notification` (`userId`, `text`) VALUES ('1', 'Notifikacija 1');
INSERT INTO `workersdb`.`notification` (`userId`, `text`) VALUES ('1', 'Notifikacija 2');
INSERT INTO `workersdb`.`notification` (`userId`, `text`) VALUES ('2', 'Poruka 1');
INSERT INTO `workersdb`.`notification` (`userId`, `text`) VALUES ('2', 'Poruka 2');


INSERT INTO `workersdb`.`message` (`senderId`, `receiverId`, `text`) VALUES ('1', '2', 'Cao koliko bi kostao 1m kvadratni?');
INSERT INTO `workersdb`.`message` (`senderId`, `receiverId`, `text`) VALUES ('2', '1', '10KM,  LP.');
INSERT INTO `workersdb`.`message` (`senderId`, `receiverId`, `text`) VALUES ('1', '2', 'Moze li 7KM, LP.');
INSERT INTO `workersdb`.`message` (`senderId`, `receiverId`, `text`) VALUES ('2', '1', 'Moze.');


INSERT INTO `workersdb`.`category` (`name`) VALUES ('Vodoinstalater');
INSERT INTO `workersdb`.`category` (`name`) VALUES ('Moler');
INSERT INTO `workersdb`.`category` (`name`) VALUES ('Električar');
INSERT INTO `workersdb`.`category` (`name`) VALUES ('Bravar');
INSERT INTO `workersdb`.`category` (`name`) VALUES ('Kovač');
INSERT INTO `workersdb`.`category` (`name`) VALUES ('Staklar');
INSERT INTO `workersdb`.`category` (`name`) VALUES ('Stolar');
INSERT INTO `workersdb`.`category` (`name`) VALUES ('Zidar');
INSERT INTO `workersdb`.`category` (`name`) VALUES ('Građavinar');
INSERT INTO `workersdb`.`category` (`name`) VALUES ('Vrtlar');


INSERT INTO `workersdb`.`advertisement` (`userId`, `categoryId`, `type`, `title`, `description`, `imagesUrls`, `price`) VALUES ('1', '2', 'OFFER', 'Molerske usluge', 'Radim povoljno molerske usluge na teritoriji grada Sarajevo. Samo stanovi. Broj: 062-333-232', '[\"url1\",\"url2\"]', '50');
INSERT INTO `workersdb`.`advertisement` (`userId`, `categoryId`, `type`, `title`, `description`, `imagesUrls`) VALUES ('1', '10', 'OFFER', 'Kosim povoljno', 'Kosim povoljno na teritoriji Gornji Vakuf', '[\"url1\",\"url2\"]');
INSERT INTO `workersdb`.`advertisement` (`userId`, `categoryId`, `type`, `title`, `description`, `imagesUrls`) VALUES ('1', '1', 'OFFER', 'Vodoinstalater 062-333-333', '20 godina iskustva u razmin domacinstvima.', '[\"url1\",\"url2\"]');
INSERT INTO `workersdb`.`advertisement` (`userId`, `categoryId`, `type`, `title`, `description`, `imagesUrls`) VALUES ('1', '6', 'OFFER', 'Staklarske usluge Cazin', 'Od malih kucanskih staklenih proizvoda do velik prozora za zgrade', '[\"url1\",\"url2\"]');
INSERT INTO `workersdb`.`advertisement` (`userId`, `categoryId`, `type`, `title`, `description`, `imagesUrls`, `price`) VALUES ('2', '1', 'DEMAND', 'Hitno potreban vodoinstalater', 'Kvar u kupatilu voda ne moze da stane! 065-668-954', '[\"url1\", \"url2\"]', '200');
INSERT INTO `workersdb`.`advertisement` (`userId`, `categoryId`, `type`, `title`, `description`, `imagesUrls`) VALUES ('2', '3', 'DEMAND', 'Potreban električar', 'Potrebno mi je razvesti struju u novoj kući. Cijena po dogovoru', '[\"url1\", \"url2\"]');
INSERT INTO `workersdb`.`advertisement` (`userId`, `categoryId`, `type`, `title`, `description`, `imagesUrls`) VALUES ('2', '5', 'DEMAND', 'Potreban kovač Konjic', 'Potreban mi je kovač da mi napravi mač sinu za rodjendan', '[\"url1\", \"url2\"]');
INSERT INTO `workersdb`.`advertisement` (`userId`, `categoryId`, `type`, `title`, `description`, `imagesUrls`, `price`) VALUES ('2', '6', 'DEMAND', 'Potreban staklar Cazin', 'Potreban mi je staklar da mi napravi stalaže u frizideru.', '[\"url1\", \"url2\"]', '10');


